epoch,loss,lr,val_loss
0,0.650596022605896,1e-04,0.6725951433181763
1,0.5217640995979309,1e-04,0.5515998601913452
2,0.4708043932914734,1e-04,0.4777207672595978
3,0.4515419602394104,1e-04,0.4639870226383209
4,0.4451445937156677,1e-04,0.4639590084552765
5,0.4379897117614746,1e-04,0.4711765646934509
6,0.4319457411766052,1e-04,0.4729933440685272
7,0.4296458661556244,1e-04,0.46640273928642273
8,0.4252544641494751,1e-04,0.4735907018184662
9,0.42271700501441956,1e-05,0.46955162286758423
